{
  "1级采矿机": 5,
  "2级采矿机": 15,
  "3级采矿机": 45,
  "油井": 40,
  "抽水站": 20,
  "资源井增压站": 150,
  "资源抽取器": 555,
  "冶炼站": 4,
  "铸造站": 16,
  "构筑站": 4,
  "装配站": 15,
  "制造站": 55,
  "精炼站": 30,
  "灌装站": 10,
  "混料站": 75,
  "粒子加速站": 2.5075025075025075e+76,
  "量子编码站": 2.000020000200002e+28,
  "转化站": 1.004001004001004e+149,
  "生物质燃烧器": 30303003000,
  "煤炭发电机": 75757507500,
  "燃油发电机": 250250250025000,
  "地热发电机": 50150100300200600,
  "核电站": 2500250025000250000,
  "蓄电池": 6612,
  "外星能源强化装置": 1000100010000100000,
  "枢纽": 142628,
  "分子分析机": 5106,
  "太空电梯": 5454118,
  "1级蓝图设计器": 424242,
  "2级蓝图设计器": 505050,
  "3级蓝图设计器": 585858,
  "AWESOME回收器": 30,
  "AWESOME商店": 464,
  "制作台": 364,
  "装备工坊": 6106,
  "个人储物盒": 25,
  "医疗储物盒": 25,
  "有害物质储物盒": 25,
  "存储集装箱": 24,
  "工业级集装箱": 48,
  "液体缓冲罐": 448,
  "工业级液体缓冲罐": 151512,
  "位面存储站上传器": 5108,
  "基础货架装置": 422,
  "卡车站": 20,
  "无人机平台": 100,
  "货运站台": 50,
  "液体货运站台": 50,
  "瞭望塔": 9924,
  "雷达塔": 30
}